<?xml version="1.0" encoding="UTF-8"?>
<project-private xmlns="http://www.netbeans.org/ns/project-private/1">
    <editor-bookmarks xmlns="http://www.netbeans.org/ns/editor-bookmarks/2" lastBookmarkId="0"/>
    <open-files xmlns="http://www.netbeans.org/ns/projectui-open-files/2">
        <group>
            <file>file:/home/hp/Desktop/WORK-SPACE/JAVA/ltw/WebApplication3/web/display_music_choices.jsp</file>
            <file>file:/home/hp/Desktop/WORK-SPACE/JAVA/ltw/WebApplication3/web/index.html</file>
            <file>file:/home/hp/Desktop/WORK-SPACE/JAVA/ltw/WebApplication3/web/META-INF/context.xml</file>
            <file>file:/home/hp/Desktop/WORK-SPACE/JAVA/ltw/WebApplication3/src/java/data/UserIO.java</file>
            <file>file:/home/hp/Desktop/WORK-SPACE/JAVA/ltw/WebApplication3/src/java/business/User.java</file>
            <file>file:/home/hp/Desktop/WORK-SPACE/JAVA/ltw/WebApplication3/web/display_email_entry.jsp</file>
            <file>file:/home/hp/Desktop/WORK-SPACE/JAVA/ltw/WebApplication3/src/java/email/AddToEmailListServlet.java</file>
        </group>
    </open-files>
</project-private>
